id,question,option1,option2,option3,option4,ans,hit
1,1 萬是 100 的幾倍？,10,100,1000,10000,B,想想看：1 萬是 10000，比 100 多了兩個 0，所以是 100 倍喔！
2,1 億是 1 萬的幾倍？,100,1000,10000, 10萬,C,記住大數王國的規則：從「萬」跳到「億」是一大階，就是 10000 倍。
3,「十萬」的 10 倍是多少？, 一百萬 , 一千萬 , 一億 , 一萬,A,「十」的 10 倍是「百」，所以「十萬」的 10 倍就是「一百萬」。
4,10 個一千萬是多少？, 一百萬 , 一億 , 十億 , 一兆,B,「千萬」再往左移一位，就跨進「億家族」的第一個位置囉！
5,「1 兆」後面總共有幾個 0？, 4個 , 8個 , 12個 , 16個,C,萬級 4 個、億級 4 個、兆級 4 個，加起來總共是 12 個 0。
6,5 億是 5 萬的幾倍？,1000,10000, 10萬 , 100萬,B,數字部分相同時，只要看「億」是「萬」的幾倍就可以了。
7,30 萬的 100 倍是多少？, 300萬 , 3000萬 , 3億 , 30億,B,先算 $30 \times 100 = 3000$，所以答案是 3000 萬。
8,在數位表中，「億位」往左移一位是什麼？, 千萬位 , 十億位 , 百億位 , 兆位,B,數位表是：億位 $\rightarrow$ 十億位 $\rightarrow$ 百億位 $\rightarrow$ 千億位。
9,0.1 億等於多少萬？, 1萬 , 10萬 , 100萬 , 1000萬,D,1 億是 10000 萬，所以 0.1 億就是 1000 萬。
10,10000 個 1 萬是多少？, 10萬 , 100萬 , 1億 , 1兆,C,1 萬的 1 萬倍（4個0加4個0），就是 1 億（8個0）。
,,,,,,,
,,,,,,,
,,,,,,,
,,,,,,,
,,,,,,,
,,,,,,,
,,,,,,,
,,,,,,,
,,,,,,,
,,,,,,,
,,,,,,,
,,,,,,,
,,,,,,,
